                  epoch,         train/box_loss,         train/cls_loss,         train/dfl_loss,   metrics/precision(B),      metrics/recall(B),       metrics/mAP50(B),    metrics/mAP50-95(B),           val/box_loss,           val/cls_loss,           val/dfl_loss,                 lr/pg0,                 lr/pg1,                 lr/pg2
                      1,                 2.2171,                 4.1307,                  1.259,                0.00423,                0.38236,                0.00294,                0.00172,                 1.2652,                 3.5883,                0.88648,             0.00026672,             0.00026672,             0.00026672
                      2,                 1.4884,                 2.0414,                0.98853,                 0.0006,                0.05764,                0.00035,                 0.0001,                  1.324,                 3.4876,                0.94002,             0.00054793,             0.00054793,             0.00054793
                      3,                 1.4713,                 1.5789,                0.97989,                0.00508,                0.51025,                 0.1043,                0.06492,                 1.3016,                 3.0543,                 0.9363,              0.0008269,              0.0008269,              0.0008269
                      4,                 1.3801,                  1.291,                0.96351,                0.01102,                 0.9805,                0.87904,                 0.5297,                  1.187,                 2.5917,                0.91852,              0.0011036,              0.0011036,              0.0011036
                      5,                 1.4248,                 1.2236,                0.98509,                0.90537,                0.82698,                0.93367,                0.53328,                 1.2311,                 1.7205,                0.92643,              0.0013781,              0.0013781,              0.0013781
                      6,                 1.3644,                 1.1107,                0.95827,                0.97558,                0.97586,                0.96689,                 0.5827,                 1.2446,                 1.3564,                0.94415,               0.001634,               0.001634,               0.001634
                      7,                 1.3425,                 1.0665,                0.96355,                0.94476,                0.96439,                0.96958,                0.58984,                 1.2393,                0.96261,                0.95457,               0.001634,               0.001634,               0.001634
                      8,                  1.422,                 1.1315,                0.96894,                 0.9574,                0.97118,                0.95803,                0.60385,                 1.2229,                 0.7788,                0.95964,              0.0016274,              0.0016274,              0.0016274
                      9,                 1.3087,                0.99854,                0.95068,                0.96307,                0.97598,                0.96724,                0.60377,                 1.2476,                0.71228,                0.96625,              0.0016208,              0.0016208,              0.0016208
                     10,                 1.3071,                0.90987,                0.94784,                0.96436,                0.96818,                0.96755,                 0.5676,                 1.3439,                0.70992,                0.97783,              0.0016142,              0.0016142,              0.0016142
                     11,                 1.3244,                0.87369,                0.94593,                0.97316,                0.96729,                0.97145,                0.60787,                 1.2398,                 0.6782,                0.94676,              0.0016076,              0.0016076,              0.0016076
                     12,                 1.3843,                0.90739,                0.97109,                 0.9679,                0.97244,                0.98292,                 0.6167,                 1.2232,                0.64526,                0.94338,               0.001601,               0.001601,               0.001601
                     13,                 1.3127,                0.84279,                0.95631,                0.97425,                0.97777,                0.98305,                 0.6255,                  1.174,                0.61007,                0.93232,              0.0015944,              0.0015944,              0.0015944
                     14,                 1.3621,                0.85329,                0.96307,                0.97032,                0.98389,                0.98278,                0.61138,                 1.2275,                0.64895,                0.94846,              0.0015878,              0.0015878,              0.0015878
                     15,                 1.2901,                0.83231,                0.94987,                0.98462,                0.98431,                0.99023,                0.62082,                 1.2325,                0.67245,                 0.9432,              0.0015812,              0.0015812,              0.0015812
                     16,                 1.3073,                0.81749,                0.93321,                0.97919,                0.98295,                0.98433,                0.60346,                   1.24,                0.64466,                0.94515,              0.0015746,              0.0015746,              0.0015746
                     17,                 1.2771,                0.77272,                0.94747,                0.98414,                 0.9805,                0.98772,                 0.6122,                  1.241,                0.62232,                0.93903,               0.001568,               0.001568,               0.001568
                     18,                 1.2467,                 0.7282,                0.95314,                0.98256,                0.99148,                0.98267,                0.62621,                 1.1877,                0.61662,                0.93416,              0.0015614,              0.0015614,              0.0015614
                     19,                 1.2877,                0.73518,                0.94613,                0.98211,                0.99064,                0.97973,                0.60597,                   1.27,                0.59246,                0.94536,              0.0015548,              0.0015548,              0.0015548
                     20,                 1.2962,                0.74091,                0.93537,                0.97125,                0.98893,                0.98593,                0.63453,                 1.1696,                0.57826,                0.92255,              0.0015482,              0.0015482,              0.0015482
                     21,                   1.27,                0.70739,                0.92937,                0.97354,                 0.9889,                0.98882,                0.61202,                 1.2075,                0.61098,                0.92719,              0.0015416,              0.0015416,              0.0015416
                     22,                 1.2986,                0.68273,                0.94113,                0.96705,                0.99192,                0.98928,                0.63839,                 1.2051,                 0.5718,                0.93221,               0.001535,               0.001535,               0.001535
                     23,                 1.3282,                0.68307,                0.93701,                0.97442,                0.99442,                 0.9908,                0.64237,                 1.1804,                0.56731,                0.92456,              0.0015284,              0.0015284,              0.0015284
                     24,                 1.2644,                0.67619,                0.93725,                0.98071,                0.99237,                0.98563,                0.62764,                  1.197,                0.56752,                0.93243,              0.0015218,              0.0015218,              0.0015218
                     25,                   1.25,                0.66748,                 0.9337,                0.97077,                0.99014,                0.98831,                0.62176,                 1.1852,                0.58365,                0.92005,              0.0015152,              0.0015152,              0.0015152
                     26,                 1.2511,                0.64891,                0.93914,                0.97839,                0.98771,                0.98831,                0.64418,                 1.1716,                0.56879,                0.92163,              0.0015086,              0.0015086,              0.0015086
                     27,                 1.3199,                0.67294,                0.95189,                0.98242,                0.99153,                0.98841,                0.63326,                 1.2026,                0.59715,                0.92624,               0.001502,               0.001502,               0.001502
                     28,                 1.2702,                0.66415,                0.94232,                 0.9828,                0.98717,                0.98913,                0.64244,                 1.1785,                0.58184,                0.91904,              0.0014954,              0.0014954,              0.0014954
                     29,                 1.2363,                0.64764,                0.93397,                0.98094,                0.99305,                 0.9912,                0.62998,                 1.2001,                0.56976,                0.92704,              0.0014888,              0.0014888,              0.0014888
                     30,                 1.2404,                0.64023,                0.92596,                0.98333,                0.99097,                0.99106,                0.63453,                 1.1513,                0.56369,                0.91512,              0.0014822,              0.0014822,              0.0014822
                     31,                 1.2451,                0.63966,                0.94431,                0.98452,                0.98957,                0.99308,                0.63668,                 1.1759,                0.59673,                0.91774,              0.0014756,              0.0014756,              0.0014756
                     32,                 1.2596,                0.63011,                0.94761,                0.98069,                0.99101,                0.99138,                0.63221,                 1.1968,                0.56009,                0.92291,               0.001469,               0.001469,               0.001469
                     33,                 1.2505,                0.61347,                0.93758,                0.98021,                0.98969,                0.98721,                0.63595,                 1.1488,                  0.536,                0.91734,              0.0014624,              0.0014624,              0.0014624
                     34,                 1.2679,                0.63104,                0.93924,                0.97629,                0.98667,                0.98871,                0.64085,                 1.1989,                0.57092,                0.92903,              0.0014558,              0.0014558,              0.0014558
                     35,                 1.2235,                0.62307,                0.92204,                0.99169,                 0.9837,                0.99036,                0.63962,                 1.1683,                0.55141,                 0.9151,              0.0014492,              0.0014492,              0.0014492
                     36,                 1.3026,                0.63501,                0.94343,                0.97903,                0.97433,                0.99031,                0.63334,                 1.1653,                0.56564,                0.92397,              0.0014426,              0.0014426,              0.0014426
                     37,                 1.2429,                0.62915,                0.93289,                0.95742,                0.97867,                0.97944,                0.63116,                  1.236,                0.54954,                0.94233,               0.001436,               0.001436,               0.001436
                     38,                 1.2309,                0.62091,                0.93433,                0.96376,                 0.9775,                0.97787,                0.63189,                 1.2048,                0.57531,                 0.9327,              0.0014294,              0.0014294,              0.0014294
                     39,                 1.2534,                0.62917,                0.93699,                0.98324,                0.98389,                0.99061,                0.63443,                 1.2211,                0.55334,                 0.9279,              0.0014228,              0.0014228,              0.0014228
                     40,                 1.2677,                 0.6183,                0.93383,                0.98748,                0.98936,                 0.9916,                0.62206,                 1.2792,                0.55637,                0.93801,              0.0014161,              0.0014161,              0.0014161
                     41,                 1.2808,                0.62766,                0.93914,                 0.9682,                0.97833,                0.98024,                0.63915,                 1.1516,                0.53135,                0.92151,              0.0014095,              0.0014095,              0.0014095
                     42,                 1.2266,                0.60517,                0.92601,                0.97384,                0.98744,                0.99013,                0.64212,                 1.1669,                0.52941,                0.92118,              0.0014029,              0.0014029,              0.0014029
                     43,                 1.2571,                0.60174,                0.93802,                0.97868,                0.98813,                0.98984,                0.63363,                 1.1726,                0.54234,                0.92076,              0.0013963,              0.0013963,              0.0013963
                     44,                 1.1889,                0.59305,                0.91746,                0.97731,                0.98537,                0.98898,                0.63007,                 1.2197,                0.53772,                0.92845,              0.0013897,              0.0013897,              0.0013897
                     45,                 1.2198,                0.59267,                0.93131,                 0.9735,                0.99118,                0.98368,                0.64373,                 1.1533,                0.52798,                0.91822,              0.0013831,              0.0013831,              0.0013831
                     46,                 1.1945,                0.58859,                0.92197,                0.98557,                0.99082,                0.98933,                0.64316,                 1.1812,                0.53576,                0.92342,              0.0013765,              0.0013765,              0.0013765
                     47,                 1.1857,                0.59406,                 0.9219,                0.98556,                 0.9926,                0.99009,                0.62541,                 1.1954,                0.54712,                0.93233,              0.0013699,              0.0013699,              0.0013699
                     48,                 1.2361,                0.60063,                0.92031,                0.96973,                0.97074,                0.97086,                0.61319,                  1.221,                 0.5389,                0.94531,              0.0013633,              0.0013633,              0.0013633
                     49,                 1.2426,                0.58649,                0.92578,                0.98567,                0.98008,                0.98966,                0.62809,                 1.1789,                0.54144,                0.92312,              0.0013567,              0.0013567,              0.0013567
                     50,                 1.2767,                0.59783,                 0.9317,                0.98302,                0.98499,                0.98941,                0.62059,                 1.2188,                0.55827,                0.92537,              0.0013501,              0.0013501,              0.0013501
                     51,                  1.267,                0.61123,                0.94232,                0.98567,                0.98523,                0.99016,                0.64568,                 1.1824,                0.54708,                0.92597,              0.0013435,              0.0013435,              0.0013435
                     52,                 1.2268,                0.58306,                0.93854,                0.98028,                0.98144,                0.98489,                0.64615,                 1.1773,                0.53179,                0.92176,              0.0013369,              0.0013369,              0.0013369
                     53,                 1.2445,                0.58429,                0.92928,                0.97869,                0.98096,                0.98532,                0.63293,                 1.1818,                0.53475,                0.92234,              0.0013303,              0.0013303,              0.0013303
                     54,                 1.2299,                0.56463,                0.94101,                0.98081,                0.98344,                0.98951,                0.64576,                 1.1865,                0.53074,                0.91972,              0.0013237,              0.0013237,              0.0013237
                     55,                 1.2024,                0.58436,                 0.9236,                0.97682,                 0.9768,                0.98545,                0.62804,                 1.2168,                0.55508,                0.92276,              0.0013171,              0.0013171,              0.0013171
                     56,                 1.2636,                0.58162,                0.94255,                0.97424,                 0.9808,                0.98568,                0.64212,                 1.2311,                0.53597,                0.92934,              0.0013105,              0.0013105,              0.0013105
                     57,                 1.2627,                0.58623,                0.92885,                0.98706,                0.98521,                0.99134,                0.64508,                 1.1362,                0.51966,                0.90875,              0.0013039,              0.0013039,              0.0013039
                     58,                 1.1922,                0.56812,                0.92653,                0.98041,                0.98644,                0.99184,                0.65231,                   1.19,                0.50373,                0.91782,              0.0012973,              0.0012973,              0.0012973
                     59,                 1.2316,                0.58462,                0.92074,                0.98376,                 0.9756,                0.98533,                0.63146,                 1.2168,                0.52583,                0.92301,              0.0012907,              0.0012907,              0.0012907
                     60,                 1.1759,                0.55714,                0.91746,                0.97258,                0.98375,                0.98438,                0.62316,                 1.2245,                0.52618,                 0.9331,              0.0012841,              0.0012841,              0.0012841
                     61,                 1.2138,                0.58086,                0.91455,                0.98014,                0.99195,                0.99045,                0.63704,                 1.1902,                 0.5189,                 0.9153,              0.0012775,              0.0012775,              0.0012775
                     62,                 1.1803,                0.56383,                0.91607,                0.98619,                0.98136,                 0.9932,                0.65089,                 1.1556,                0.52595,                0.91478,              0.0012709,              0.0012709,              0.0012709
                     63,                 1.1861,                0.55066,                0.91801,                0.98284,                0.97756,                0.98709,                0.64539,                 1.1941,                0.52181,                0.92539,              0.0012643,              0.0012643,              0.0012643
                     64,                 1.1977,                0.55665,                0.93304,                0.97203,                0.98808,                0.98777,                0.63659,                 1.1814,                0.50843,                0.92695,              0.0012577,              0.0012577,              0.0012577
                     65,                 1.2129,                0.54953,                0.92227,                0.97055,                0.97584,                0.98008,                 0.6217,                 1.2166,                0.54961,                0.92713,              0.0012511,              0.0012511,              0.0012511
                     66,                 1.1658,                0.57175,                0.90997,                0.96978,                0.97886,                0.97232,                0.62565,                 1.2084,                0.51764,                0.92999,              0.0012445,              0.0012445,              0.0012445
                     67,                 1.1928,                0.56649,                0.91977,                0.96784,                0.99025,                0.98685,                 0.6393,                  1.162,                0.51053,                0.91178,              0.0012379,              0.0012379,              0.0012379
                     68,                 1.2006,                0.56487,                0.90418,                0.98159,                0.98512,                0.98286,                0.64386,                 1.1561,                0.51691,                0.91153,              0.0012313,              0.0012313,              0.0012313
                     69,                 1.1861,                0.56399,                0.92021,                0.98452,                0.98617,                0.99307,                0.64471,                 1.1597,                0.50741,                0.91257,              0.0012247,              0.0012247,              0.0012247
                     70,                 1.1909,                0.55477,                0.92751,                0.97821,                 0.9803,                0.98744,                0.64023,                 1.1588,                0.50213,                0.91607,              0.0012181,              0.0012181,              0.0012181
                     71,                 1.1861,                0.56812,                0.93127,                0.98029,                0.98435,                0.99243,                 0.6422,                 1.1721,                 0.5191,                0.91406,              0.0012115,              0.0012115,              0.0012115
                     72,                 1.1685,                   0.55,                0.91021,                0.98119,                0.98468,                0.99186,                0.63982,                 1.1645,                0.52587,                0.91796,              0.0012049,              0.0012049,              0.0012049
                     73,                 1.1816,                0.54495,                 0.9202,                0.97818,                0.97654,                 0.9819,                0.64204,                 1.1694,                0.51433,                0.91868,              0.0011983,              0.0011983,              0.0011983
                     74,                 1.2062,                0.58439,                0.90584,                0.97309,                0.97586,                0.98477,                0.65416,                 1.1801,                0.50669,                0.91807,              0.0011917,              0.0011917,              0.0011917
                     75,                 1.1909,                0.56392,                0.92264,                0.98195,                0.98055,                0.98823,                0.64752,                 1.1743,                0.50305,                 0.9199,              0.0011851,              0.0011851,              0.0011851
                     76,                 1.1977,                0.55266,                0.92144,                0.96829,                0.99153,                 0.9893,                0.63241,                 1.2192,                0.50967,                0.92365,              0.0011785,              0.0011785,              0.0011785
                     77,                 1.2136,                0.56038,                0.92832,                0.98056,                0.98441,                 0.9905,                0.65491,                 1.1609,                0.50311,                0.90784,              0.0011719,              0.0011719,              0.0011719
                     78,                 1.1593,                0.55496,                0.90341,                0.98476,                 0.9884,                0.99263,                0.64653,                 1.1717,                0.49546,                0.91289,              0.0011653,              0.0011653,              0.0011653
                     79,                 1.1586,                0.52821,                0.91437,                0.97379,                0.97076,                0.98375,                0.64876,                 1.1888,                0.51111,                0.91655,              0.0011587,              0.0011587,              0.0011587
                     80,                 1.1707,                0.53198,                0.92957,                0.97712,                0.97965,                0.98239,                0.64489,                 1.1813,                0.49048,                0.91484,              0.0011521,              0.0011521,              0.0011521
                     81,                 1.1805,                0.53817,                0.92166,                 0.9871,                0.98892,                  0.992,                0.64874,                 1.1773,                0.49122,                0.91364,              0.0011455,              0.0011455,              0.0011455
                     82,                 1.1984,                0.53647,                0.94716,                0.97916,                0.98434,                0.98894,                0.65055,                 1.1831,                0.49665,                 0.9129,              0.0011389,              0.0011389,              0.0011389
                     83,                 1.1799,                0.53896,                0.92083,                0.97767,                0.98221,                0.98718,                0.63213,                 1.2315,                0.49625,                0.92354,              0.0011323,              0.0011323,              0.0011323
                     84,                 1.1998,                 0.5426,                 0.9107,                0.97267,                0.99553,                0.99189,                 0.6282,                   1.19,                0.50212,                0.90952,              0.0011257,              0.0011257,              0.0011257
                     85,                 1.1932,                0.55484,                 0.9231,                0.98088,                0.98181,                0.98672,                0.64037,                 1.1785,                0.49383,                0.91371,              0.0011191,              0.0011191,              0.0011191
                     86,                 1.1879,                0.53239,                0.91725,                0.98466,                0.98964,                0.99286,                0.64584,                 1.1964,                0.49406,                0.91662,              0.0011125,              0.0011125,              0.0011125
                     87,                 1.1852,                0.53802,                0.92483,                0.98665,                0.98524,                0.99236,                0.64477,                  1.186,                0.47757,                0.91415,              0.0011059,              0.0011059,              0.0011059
                     88,                 1.1671,                0.52857,                0.90959,                0.97601,                 0.9804,                0.98749,                0.65054,                 1.1524,                0.49857,                0.90871,              0.0010993,              0.0010993,              0.0010993
                     89,                 1.1601,                0.51897,                0.91119,                 0.9814,                0.98061,                0.98833,                0.64524,                 1.1906,                0.50775,                 0.9202,              0.0010927,              0.0010927,              0.0010927
                     90,                 1.1819,                0.53217,                0.91512,                0.98262,                 0.9816,                0.98999,                 0.6428,                 1.2037,                0.49456,                0.92354,              0.0010861,              0.0010861,              0.0010861
                     91,                 1.2285,                0.55986,                0.92574,                0.97633,                0.98659,                0.98801,                0.64911,                 1.1727,                0.49252,                0.91759,              0.0010795,              0.0010795,              0.0010795
                     92,                 1.1925,                0.53039,                0.93057,                0.97225,                0.98585,                0.98783,                0.64978,                 1.1925,                0.49299,                0.91646,              0.0010729,              0.0010729,              0.0010729
                     93,                 1.1587,                0.51175,                0.90037,                 0.9734,                0.98339,                0.98752,                0.65239,                  1.162,                0.50834,                0.91076,              0.0010663,              0.0010663,              0.0010663
                     94,                 1.1665,                0.54133,                0.91508,                0.96785,                0.97965,                0.97879,                0.63656,                 1.2024,                0.51337,                0.91638,              0.0010597,              0.0010597,              0.0010597
                     95,                 1.2004,                0.54195,                0.93539,                0.98261,                0.97687,                 0.9863,                0.63111,                 1.2246,                0.50539,                0.91634,              0.0010531,              0.0010531,              0.0010531
                     96,                 1.1639,                0.52994,                0.91842,                 0.9728,                0.97038,                0.97694,                  0.634,                 1.2128,                 0.4924,                0.92229,              0.0010465,              0.0010465,              0.0010465
                     97,                 1.2012,                0.54372,                0.92726,                 0.9829,                 0.9805,                0.98849,                0.63284,                 1.1985,                0.53454,                0.92143,              0.0010399,              0.0010399,              0.0010399
                     98,                 1.1304,                0.52838,                0.90493,                0.98109,                0.98042,                0.98795,                0.65821,                 1.1515,                0.48301,                0.91109,              0.0010333,              0.0010333,              0.0010333
                     99,                 1.1666,                0.53365,                0.91738,                0.98469,                0.98462,                0.99158,                0.64485,                 1.1929,                0.49863,                0.90908,              0.0010267,              0.0010267,              0.0010267
                    100,                 1.1351,                0.50818,                0.90319,                0.98014,                0.98025,                0.99052,                0.65895,                 1.1596,                0.48198,                0.90514,              0.0010201,              0.0010201,              0.0010201
                    101,                 1.1755,                0.52243,                0.91505,                0.97797,                0.98101,                0.98822,                0.64276,                 1.1777,                0.49579,                0.91462,              0.0010135,              0.0010135,              0.0010135
                    102,                 1.1541,                0.51669,                0.91311,                0.98158,                0.99146,                0.98866,                0.64483,                 1.1746,                0.47079,                0.91187,              0.0010069,              0.0010069,              0.0010069
                    103,                 1.1805,                0.53205,                0.92464,                0.97635,                0.98711,                0.98536,                0.63858,                 1.2325,                0.49497,                0.92612,              0.0010003,              0.0010003,              0.0010003
                    104,                 1.2076,                 0.5263,                 0.9177,                0.98128,                0.97705,                0.98882,                0.64924,                 1.1793,                0.49028,                0.91303,             0.00099367,             0.00099367,             0.00099367
                    105,                 1.2169,                0.51913,                0.94238,                0.96867,                0.98992,                0.98687,                 0.6468,                 1.2117,                0.48385,                0.91332,             0.00098706,             0.00098706,             0.00098706
                    106,                 1.2019,                0.53676,                0.92222,                0.97214,                 0.9691,                0.98397,                 0.6314,                 1.2193,                0.48756,                 0.9268,             0.00098046,             0.00098046,             0.00098046
                    107,                 1.1462,                0.51839,                0.91177,                0.98692,                0.97084,                0.98701,                0.63653,                  1.183,                0.53624,                0.91457,             0.00097386,             0.00097386,             0.00097386
                    108,                 1.1903,                0.52833,                0.92159,                0.97834,                0.98282,                 0.9922,                0.65112,                 1.1678,                0.48205,                0.91503,             0.00096726,             0.00096726,             0.00096726
                    109,                 1.1634,                0.53123,                0.92613,                0.98199,                0.98389,                0.99128,                  0.652,                 1.1718,                0.47771,                0.91798,             0.00096066,             0.00096066,             0.00096066
                    110,                   1.12,                0.49875,                0.90835,                0.98582,                0.98734,                0.98982,                0.65232,                 1.1706,                0.48644,                0.91385,             0.00095406,             0.00095406,             0.00095406
                    111,                 1.1574,                0.54214,                0.91181,                0.97001,                0.97555,                0.97232,                0.63691,                 1.2071,                0.52681,                0.92088,             0.00094746,             0.00094746,             0.00094746
                    112,                 1.1899,                0.52563,                0.92266,                0.98202,                0.98073,                0.98748,                0.64877,                 1.1969,                0.48851,                0.91207,             0.00094085,             0.00094085,             0.00094085
                    113,                 1.1611,                0.51207,                0.91095,                 0.9796,                0.98333,                0.98825,                0.64847,                 1.1663,                 0.4905,                0.91144,             0.00093425,             0.00093425,             0.00093425
                    114,                 1.1537,                 0.5045,                0.90906,                0.97316,                0.98712,                0.98711,                0.64322,                 1.2099,                0.48425,                0.91933,             0.00092765,             0.00092765,             0.00092765
                    115,                 1.1604,                0.52375,                0.91367,                0.96875,                0.98347,                0.97764,                0.63643,                 1.1903,                0.49503,                 0.9161,             0.00092105,             0.00092105,             0.00092105
                    116,                 1.1427,                0.51423,                0.91649,                0.97395,                0.98693,                0.98775,                0.64275,                  1.173,                0.48859,                0.91203,             0.00091445,             0.00091445,             0.00091445
                    117,                 1.1105,                0.50613,                0.89909,                0.98293,                 0.9779,                0.98664,                0.64246,                 1.1648,                0.47945,                0.91381,             0.00090785,             0.00090785,             0.00090785
                    118,                 1.1889,                0.51754,                0.91901,                0.98474,                0.98534,                0.99077,                0.62807,                  1.215,                0.48464,                0.91731,             0.00090125,             0.00090125,             0.00090125
                    119,                 1.1108,                0.51234,                0.90434,                 0.9811,                 0.9802,                0.98686,                0.64479,                 1.2149,                0.47569,                0.91795,             0.00089465,             0.00089465,             0.00089465
                    120,                 1.1119,                0.51386,                0.90689,                0.96462,                0.98324,                0.98295,                0.63347,                 1.1898,                0.49451,                0.91816,             0.00088804,             0.00088804,             0.00088804
                    121,                 1.1579,                0.50427,                 0.9243,                0.98535,                0.98477,                0.99306,                0.64949,                 1.1554,                0.46096,                0.90696,             0.00088144,             0.00088144,             0.00088144
                    122,                 1.1055,                0.49437,                0.89861,                 0.9804,                0.98285,                0.98881,                0.64966,                 1.1499,                0.46214,                0.90909,             0.00087484,             0.00087484,             0.00087484
                    123,                 1.1314,                0.51036,                0.90409,                 0.9813,                0.98067,                0.99168,                 0.6543,                 1.1595,                0.46788,                0.91276,             0.00086824,             0.00086824,             0.00086824
                    124,                 1.1737,                0.51742,                0.91451,                0.98275,                0.98008,                0.98933,                0.65288,                 1.1764,                0.48674,                0.91215,             0.00086164,             0.00086164,             0.00086164
                    125,                 1.1636,                0.53774,                0.90657,                 0.9809,                0.98008,                0.98915,                0.64532,                 1.1849,                0.48391,                0.91838,             0.00085504,             0.00085504,             0.00085504
                    126,                 1.1217,                0.50484,                 0.8971,                0.98235,                0.98041,                0.98986,                0.66242,                  1.158,                0.47319,                0.90889,             0.00084844,             0.00084844,             0.00084844
                    127,                 1.1388,                0.51336,                0.91072,                0.97923,                0.97739,                0.98816,                0.64361,                 1.2125,                0.46782,                0.92236,             0.00084184,             0.00084184,             0.00084184
                    128,                 1.1129,                0.50639,                0.90999,                 0.9831,                0.98052,                0.98899,                 0.6495,                 1.2193,                0.47052,                0.92119,             0.00083523,             0.00083523,             0.00083523
                    129,                 1.0922,                0.48473,                0.89566,                0.98079,                0.98008,                0.98924,                 0.6521,                 1.1699,                0.47379,                0.90984,             0.00082863,             0.00082863,             0.00082863
                    130,                 1.0966,                0.51074,                0.88777,                0.97161,                0.97664,                0.98404,                 0.6473,                 1.2033,                 0.4869,                0.91673,             0.00082203,             0.00082203,             0.00082203
                    131,                 1.1179,                0.49631,                0.90232,                0.97803,                0.98391,                0.98633,                 0.6415,                 1.1889,                0.46876,                0.91437,             0.00081543,             0.00081543,             0.00081543
                    132,                 1.1113,                0.48248,                0.89867,                0.97209,                0.98631,                0.97676,                0.62753,                 1.2159,                0.46356,                0.92172,             0.00080883,             0.00080883,             0.00080883
                    133,                 1.1344,                0.49502,                0.91712,                0.97834,                0.98811,                0.98669,                0.64567,                 1.1478,                0.46609,                0.90841,             0.00080223,             0.00080223,             0.00080223
                    134,                 1.0897,                0.49447,                  0.897,                0.97888,                0.98814,                0.98655,                0.64626,                  1.185,                 0.4617,                0.91378,             0.00079563,             0.00079563,             0.00079563
                    135,                 1.1148,                0.47637,                0.90564,                 0.9805,                0.99014,                0.98923,                 0.6522,                 1.1746,                0.47011,                0.91189,             0.00078902,             0.00078902,             0.00078902
                    136,                 1.1189,                0.50037,                0.92244,                0.97291,                0.98347,                0.97503,                0.62549,                 1.2235,                0.47181,                0.91514,             0.00078242,             0.00078242,             0.00078242
                    137,                 1.1604,                0.50913,                0.92998,                0.97114,                0.98305,                0.98421,                0.63196,                 1.2083,                0.46871,                0.91535,             0.00077582,             0.00077582,             0.00077582
                    138,                 1.1118,                0.49607,                0.90964,                0.97709,                 0.9841,                0.99127,                0.63587,                 1.2175,                0.49111,                0.92326,             0.00076922,             0.00076922,             0.00076922
                    139,                   1.13,                0.52028,                0.90026,                0.97853,                0.98866,                0.99311,                0.64707,                 1.1762,                0.48803,                 0.9123,             0.00076262,             0.00076262,             0.00076262
                    140,                   1.15,                0.52006,                  0.919,                0.98571,                0.98527,                0.99033,                0.64374,                 1.1893,                0.48199,                 0.9171,             0.00075602,             0.00075602,             0.00075602
                    141,                 1.1441,                0.51247,                0.90296,                0.97491,                0.97673,                0.98561,                0.64167,                 1.1894,                0.48162,                0.91467,             0.00074942,             0.00074942,             0.00074942
                    142,                 1.1447,                0.49524,                0.90482,                0.97638,                 0.9842,                0.98609,                0.64543,                 1.1574,                0.46737,                 0.9077,             0.00074282,             0.00074282,             0.00074282
                    143,                 1.0977,                0.49408,                 0.9009,                 0.9759,                0.98559,                0.98916,                0.65468,                 1.1436,                0.45685,                 0.9041,             0.00073621,             0.00073621,             0.00073621
                    144,                 1.1066,                0.49948,                 0.8983,                0.97618,                0.98711,                0.98352,                0.64109,                 1.1918,                0.46942,                0.91306,             0.00072961,             0.00072961,             0.00072961
                    145,                 1.1124,                0.49343,                0.90758,                 0.9754,                 0.9847,                0.98667,                0.64033,                 1.2114,                0.48481,                0.91608,             0.00072301,             0.00072301,             0.00072301
                    146,                 1.0895,                0.47768,                0.90921,                0.97421,                0.99493,                0.98821,                0.65636,                 1.1861,                0.46543,                0.91149,             0.00071641,             0.00071641,             0.00071641
                    147,                 1.1084,                0.49564,                0.89399,                  0.963,                0.98815,                0.98931,                0.65568,                 1.1995,                 0.4714,                0.91331,             0.00070981,             0.00070981,             0.00070981
                    148,                 1.1125,                0.49861,                0.89614,                 0.9722,                0.98953,                0.98862,                0.65302,                 1.1855,                 0.4562,                0.91082,             0.00070321,             0.00070321,             0.00070321
                    149,                 1.1319,                 0.4884,                0.91022,                0.97612,                0.98702,                0.98917,                0.64783,                 1.1616,                0.45485,                0.91122,             0.00069661,             0.00069661,             0.00069661
                    150,                 1.1489,                0.48864,                0.91854,                0.97689,                0.98447,                0.98768,                0.64715,                 1.1652,                0.45634,                0.90701,                0.00069,                0.00069,                0.00069
                    151,                 1.1154,                0.48023,                0.91435,                0.97772,                0.98412,                0.98912,                0.64246,                 1.1846,                0.45867,                0.91142,              0.0006834,              0.0006834,              0.0006834
                    152,                 1.1235,                0.49216,                 0.9007,                0.97306,                0.97979,                0.98384,                0.64859,                 1.1898,                0.45848,                0.91139,              0.0006768,              0.0006768,              0.0006768
                    153,                 1.1295,                0.49855,                0.91071,                0.98217,                0.98071,                0.99069,                0.64212,                 1.1879,                0.45793,                0.91283,              0.0006702,              0.0006702,              0.0006702
                    154,                 1.0815,                0.48186,                0.89547,                0.98019,                0.98269,                0.98723,                0.63145,                 1.1846,                0.46498,                0.90698,              0.0006636,              0.0006636,              0.0006636
                    155,                  1.122,                0.48884,                0.90922,                 0.9826,                0.98008,                0.98793,                0.65242,                 1.1744,                0.46311,                  0.909,               0.000657,               0.000657,               0.000657
                    156,                 1.1076,                0.48515,                0.90258,                0.98176,                0.99131,                0.99284,                0.64971,                 1.2025,                0.45948,                0.91331,              0.0006504,              0.0006504,              0.0006504
                    157,                 1.0972,                0.48146,                 0.8983,                0.98658,                0.98842,                0.99116,                0.63355,                 1.2453,                0.47819,                0.92196,              0.0006438,              0.0006438,              0.0006438
                    158,                 1.1322,                 0.4983,                0.90926,                 0.9767,                0.98095,                0.97936,                0.62707,                 1.2704,                0.48028,                0.92708,             0.00063719,             0.00063719,             0.00063719
                    159,                 1.1312,                0.49593,                0.90683,                0.97603,                0.97951,                0.98195,                0.62856,                 1.2443,                0.47629,                0.92925,             0.00063059,             0.00063059,             0.00063059
                    160,                 1.0805,                0.47561,                0.89798,                0.97955,                0.98077,                0.98946,                0.64874,                 1.1723,                0.45827,                0.90881,             0.00062399,             0.00062399,             0.00062399
                    161,                 1.1061,                0.48978,                0.89933,                0.98104,                0.98079,                0.99059,                0.65314,                 1.1922,                0.45869,                0.91164,             0.00061739,             0.00061739,             0.00061739
                    162,                 1.1146,                0.49261,                0.90724,                0.97053,                0.98389,                0.99131,                0.64274,                 1.2113,                0.45623,                0.91729,             0.00061079,             0.00061079,             0.00061079
                    163,                 1.1297,                0.49006,                0.91645,                0.96682,                0.98008,                0.98855,                0.63767,                 1.2202,                0.47112,                 0.9158,             0.00060419,             0.00060419,             0.00060419
                    164,                 1.0886,                0.49288,                0.88492,                 0.9751,                0.97507,                0.98107,                0.63269,                 1.2417,                0.48336,                 0.9262,             0.00059759,             0.00059759,             0.00059759
                    165,                 1.0697,                0.47964,                0.89767,                0.97421,                0.98357,                0.98881,                 0.6434,                 1.2059,                0.46728,                0.91718,             0.00059098,             0.00059098,             0.00059098
                    166,                 1.1195,                0.48582,                0.90132,                0.98131,                0.98057,                0.98984,                0.65698,                 1.1822,                0.45921,                0.91263,             0.00058438,             0.00058438,             0.00058438
                    167,                 1.0321,                0.45297,                0.88198,                0.97408,                0.97282,                0.98304,                0.64791,                 1.2255,                  0.457,                0.92698,             0.00057778,             0.00057778,             0.00057778
                    168,                 1.0709,                0.45841,                0.90711,                0.97267,                0.97249,                0.98289,                0.65346,                 1.2061,                 0.4552,                0.91428,             0.00057118,             0.00057118,             0.00057118
                    169,                 1.0739,                0.47821,                0.89673,                0.97755,                0.97317,                0.98771,                0.64825,                 1.2105,                0.47616,                0.91987,             0.00056458,             0.00056458,             0.00056458
                    170,                 1.0543,                0.46527,                0.89816,                0.98142,                0.97735,                0.98891,                0.66092,                 1.1938,                0.45043,                0.91255,             0.00055798,             0.00055798,             0.00055798
                    171,                 1.1159,                0.46739,                0.90715,                0.97153,                0.97552,                 0.9888,                0.64898,                 1.1855,                0.46577,                 0.9105,             0.00055138,             0.00055138,             0.00055138
                    172,                 1.1039,                0.47276,                0.90503,                0.97871,                 0.9811,                0.98861,                0.64697,                 1.1701,                0.45074,                0.90638,             0.00054478,             0.00054478,             0.00054478
                    173,                 1.0573,                0.45906,                0.89518,                0.97827,                 0.9806,                0.98975,                0.65243,                 1.2136,                0.44599,                0.91692,             0.00053817,             0.00053817,             0.00053817
                    174,                 1.1104,                0.46945,                0.88894,                 0.9793,                0.98068,                0.99097,                0.64708,                 1.2261,                0.44747,                0.91818,             0.00053157,             0.00053157,             0.00053157
                    175,                 1.0749,                0.45909,                0.90465,                0.98087,                0.98059,                0.98989,                0.65023,                 1.2105,                 0.4464,                0.91646,             0.00052497,             0.00052497,             0.00052497
                    176,                 1.0513,                0.45519,                0.89084,                0.98097,                0.98089,                0.98781,                0.64011,                  1.233,                0.45531,                0.92125,             0.00051837,             0.00051837,             0.00051837
